"https://www.amazon.com/dp/B00IA2RXUU,,,,,,,,,,,,,,,,,,,,,,,,,",Liftmaster 893Max,B00IA2RXUU,Iron Group,818-486-8914,Eclectic Products,213-805-5580
"https://www.amazon.com/dp/B000GQTCCA,,,,,,,,,,,,,,,,,,,,,,,,,","InSinkErator Replacement Water Filter Cartridges, 2-Pack, F-201R",B000GQTCCA,eFaucets,1-478-215-6802,DIY Premium Supplies,302-565-0424,KART IT,+13025725003
"https://www.amazon.com/DP/B0DJ4YFL7B/,,,,,,,,,,,,,,,,,,,,,,,,,","Translation Device, The Latest Instant Translation Device in 2025, Supports Video and Voice Call Translation, 138 Languages, 60 Day Standby, Suitable for iOS and Android (Grey)",B0DJ4YFL7B,AHA Lifestyle,502-779-0773
"https://www.amazon.com/dp/B004G7LRJG?th=1,,,,,,,,,,,,,,,,,,,,,,,,,","Dr. Schollâ€™s Custom Fit Orthotics 3/4 Length Inserts CF 440, 5-in-1 All-Day Pain Relief for Feet, Lower Back, Knees, Heel & Plantar Fasciitis, Arch Support Shoe Insoles for Men Women, FSA HSA Eligible",B004G7LRJG,Flash Supplement,848-223-5033,Grace JC,786-864-9067
"https://www.amazon.com/dp/B0DJ4YFL7B,,,,,,,,,,,,,,,,,,,,,,,,,","Translation Device, The Latest Instant Translation Device in 2025, Supports Video and Voice Call Translation, 138 Languages, 60 Day Standby, Suitable for iOS and Android (Grey)",B0DJ4YFL7B,AHA Lifestyle,502-779-0773
"https://www.amazon.com/DP/B000T9APWA,,,,,,,,,,,,,,,,,,,,,,,,,",Olay Beauty Fluid Regular 100ml,B000T9APWA,Red String Distribution,888-977-9618,BE REBELLION USA,783-777-7793
"https://www.amazon.com/dp/B07XCYT65C?ref=cm_sw_r_cso_cp_apin_dp_0463DVWZ1YBTVTCHCEAG&ref_=cm_sw_r_cso_cp_apin_dp_0463DVWZ1YBTVTCHCEAG&social_share=cm_sw_r_cso_cp_apin_dp_0463DVWZ1YBTVTCHCEAG&titleSource=avft-a&previewDoh=1,,,,,,,,,,,,,,,,,,,,,,,,,","The Original Donut Shop Mocha One-Step Latte, Single Serve Coffee K-Cup Pod, Flavored Coffee, 20 Count",B07XCYT65C,Fast and Precise by Staples,800-304-7496,HiTouch Business Services a BU of Staples,866-944-8269,"MyOfficeInnovations/Staples, Inc.",888-781-7757,flipcost,800-706-9848
"https://www.amazon.com/DP/B000UU6SR4,,,,,,,,,,,,,,,,,,,,,,,,,","Gingher Dressmaker's Fabric Scissors, 8"" Stainless Steel Shears, Sharp Knife Edge Steel Sewing Shears with Protective Sheath for Fabric Cutting and Tailoring",B000UU6SR4,Exclusive Collections Store,215-392-6322
"https://www.amazon.com/gp/product/B003O2F0JW,,,,,,,,,,,,,,,,,,,,,,,,,","Travel Select Amsterdam Expandable Rolling Upright Luggage, Gray, 2-Piece Set",B003O2F0JW,WILZEE CORP,800-950-5035
"https://www.amazon.com/HALLS-Minis-Watermelon-Flavor-Sugar/DP/B07M9N3CN9?th=1,,,,,,,,,,,,,,,,,,,,,,,,,","HALLS Minis Watermelon Flavor Sugar Free Cough Drops, 8 Packs of 24 Drops (192 Drops Total)",B07M9N3CN9,River Rivers,201-895-2337
